City_ID,City,Country,Date,Latitude,Longitude,Max Temp,Humidity,Cloudiness,Wind Speed,Current Description
0,Klaksvík,FO,4/12/2022 3:20,62.2266,-6.589,5.51,79,100,11.7,overcast clouds
1,Rikitea,PF,4/12/2022 3:17,-23.1203,-134.9692,26.15,71,1,7.06,clear sky
2,Fortuna,US,4/12/2022 3:20,40.5982,-124.1573,6.62,83,100,6.69,overcast clouds
3,Kobryn,BY,4/12/2022 3:20,52.2138,24.3564,-0.31,85,24,2.67,few clouds
4,Port Alfred,ZA,4/12/2022 3:20,-33.5906,26.891,18.43,93,100,0.89,overcast clouds
5,Portland,US,4/12/2022 3:16,45.5234,-122.6762,4.91,86,100,1.12,overcast clouds
6,Kaitangata,NZ,4/12/2022 3:20,-46.2817,169.8464,13.88,50,66,4.93,broken clouds
7,Hilo,US,4/12/2022 3:18,19.7297,-155.09,22.34,96,100,2.68,mist
8,Chokurdakh,RU,4/12/2022 3:20,70.6333,147.9167,-11.77,87,100,4.77,overcast clouds
9,Mahébourg,MU,4/12/2022 3:20,-20.4081,57.7,25.16,83,75,6.17,broken clouds
10,Alofi,NU,4/12/2022 3:20,-19.0595,-169.9187,28.94,74,40,3.09,scattered clouds
11,Yellowknife,CA,4/12/2022 3:20,62.456,-114.3525,-11.71,56,20,4.63,few clouds
12,Hermanus,ZA,4/12/2022 3:20,-34.4187,19.2345,18.91,63,85,2.25,overcast clouds
13,Vaini,TO,4/12/2022 3:20,-21.2,-175.2,30.09,70,75,6.69,broken clouds
14,Nizhniy Ingash,RU,4/12/2022 3:20,56.2,96.53,-1.28,72,100,2.84,overcast clouds
15,Punta Arenas,CL,4/12/2022 3:15,-53.15,-70.9167,6.06,70,0,5.14,clear sky
16,Muros,ES,4/12/2022 3:20,42.7762,-9.0603,11.64,92,96,5.5,overcast clouds
17,Qaanaaq,GL,4/12/2022 3:20,77.484,-69.3632,-22.42,67,26,2.81,scattered clouds
18,Chifeng,CN,4/12/2022 3:20,42.2683,118.9636,9.43,19,35,5.6,scattered clouds
19,Samarai,PG,4/12/2022 3:20,-10.6167,150.6667,29.71,68,94,6.02,overcast clouds
20,Pangai,TO,4/12/2022 3:20,-19.8,-174.35,30.06,66,40,4.63,scattered clouds
21,Albany,US,4/12/2022 3:17,42.6001,-73.9662,9.65,58,95,1.68,overcast clouds
22,Ayní,TJ,4/12/2022 3:20,39.3941,68.5377,15.2,63,9,2.88,clear sky
23,Butaritari,KI,4/12/2022 3:20,3.0707,172.7902,27.4,74,73,4.15,broken clouds
24,Naze,JP,4/12/2022 3:20,28.3667,129.4833,23.51,81,16,3.46,few clouds
25,San Vicente,AR,4/12/2022 3:20,-26.6167,-54.1333,17.39,100,100,1.1,moderate rain
26,Provideniya,RU,4/12/2022 3:20,64.3833,-173.3,-1.94,86,100,10,light snow
27,Castro,BR,4/12/2022 3:20,-24.7911,-50.0119,16.68,98,72,1.52,broken clouds
28,Hong Kong,HK,4/12/2022 3:18,22.2855,114.1577,27.1,78,0,3.58,clear sky
29,Nouadhibou,MR,4/12/2022 3:20,20.931,-17.0347,17.41,87,98,10.64,overcast clouds
30,Mataura,NZ,4/12/2022 3:20,-46.1927,168.8643,13.04,53,57,3.59,broken clouds
31,Dikson,RU,4/12/2022 3:20,73.5069,80.5464,-9.94,91,100,10.39,light snow
32,Busselton,AU,4/12/2022 3:20,-33.65,115.3333,22.41,46,0,3.55,clear sky
33,New Norfolk,AU,4/12/2022 3:20,-42.7826,147.0587,15.77,51,76,2.24,moderate rain
34,San Juan,AR,4/12/2022 3:17,-31.5375,-68.5364,15.34,38,0,2.34,clear sky
35,Cape Town,ZA,4/12/2022 3:20,-33.9258,18.4232,17.2,67,0,2.57,clear sky
36,Bariloche,AR,4/12/2022 3:20,-41.1456,-71.3082,6.86,61,40,6.69,scattered clouds
37,Volary,CZ,4/12/2022 3:20,48.9088,13.8866,0.76,65,64,0.58,broken clouds
38,Narganá,PA,4/12/2022 3:20,9.4428,-78.5906,26.69,81,100,6.96,overcast clouds
39,Kavieng,PG,4/12/2022 3:20,-2.5744,150.7967,29.91,64,48,3.94,scattered clouds
40,Ribeira Grande,PT,4/12/2022 3:20,38.5167,-28.7,15.9,92,100,4.78,overcast clouds
41,Ponta do Sol,PT,4/12/2022 3:20,32.6667,-17.1,15.61,75,63,5.21,broken clouds
42,Nerchinskiy Zavod,RU,4/12/2022 3:20,51.3088,119.61,3.2,33,27,3.77,scattered clouds
43,Atuona,PF,4/12/2022 3:20,-9.8,-139.0333,26.22,78,46,6.32,scattered clouds
44,Rocha,UY,4/12/2022 3:20,-34.4833,-54.3333,17.19,96,34,3.45,scattered clouds
45,Saint-Philippe,RE,4/12/2022 3:20,-21.3585,55.7679,22.83,85,84,7.33,light rain
46,Airai,TL,4/12/2022 3:20,-8.9266,125.4092,25.5,35,13,0.65,few clouds
47,Cidreira,BR,4/12/2022 3:20,-30.1811,-50.2056,20.29,93,82,3.33,broken clouds
48,Bilma,NE,4/12/2022 3:20,18.6853,12.9164,27.68,7,0,2.8,clear sky
49,Tambura,SS,4/12/2022 3:20,5.6,27.4667,19.82,86,56,1.77,broken clouds
50,Bredasdorp,ZA,4/12/2022 3:20,-34.5322,20.0403,17.7,72,1,1.13,clear sky
51,Constitución,CL,4/12/2022 3:20,-35.3333,-72.4167,12.49,66,100,3.79,overcast clouds
52,Geraldton,AU,4/12/2022 3:19,-28.7667,114.6,21.23,60,0,6.69,clear sky
53,Hokitika,NZ,4/12/2022 3:20,-42.7167,170.9667,15.34,79,69,6.15,broken clouds
54,Emerald,AU,4/12/2022 3:20,-23.5333,148.1667,31.86,32,0,4.29,clear sky
55,Pevek,RU,4/12/2022 3:20,69.7008,170.3133,-21.14,85,5,3.15,clear sky
56,Melville,US,4/12/2022 3:18,40.7934,-73.4151,8.93,72,100,5.66,overcast clouds
57,Arlit,NE,4/12/2022 3:20,18.7369,7.3853,28.13,8,5,2.53,clear sky
58,Severo-Kuril'sk,RU,4/12/2022 3:20,50.6789,156.125,-0.2,79,32,3.17,scattered clouds
59,Puerto Ayora,EC,4/12/2022 3:20,-0.7393,-90.3518,25.31,95,75,0.89,broken clouds
60,Malatya Province,TR,4/12/2022 3:20,38.5,38,7.03,61,75,5.66,broken clouds
61,Umm Kaddadah,SD,4/12/2022 3:20,13.6017,26.6876,23.55,33,2,2.89,clear sky
62,Mar del Plata,AR,4/12/2022 3:20,-38.0023,-57.5575,12.8,90,0,3.58,clear sky
63,Ushuaia,AR,4/12/2022 3:15,-54.8,-68.3,4.81,75,0,1.54,clear sky
64,Talnakh,RU,4/12/2022 3:20,69.4865,88.3972,-7.66,83,100,5.13,overcast clouds
65,Kapaa,US,4/12/2022 3:20,22.0752,-159.319,25.01,83,40,6.17,scattered clouds
66,Najrān,SA,4/12/2022 3:20,17.4924,44.1277,19.36,29,0,2.64,clear sky
67,Cherskiy,RU,4/12/2022 3:20,68.75,161.3,-13,73,8,3.23,clear sky
68,Hasaki,JP,4/12/2022 3:20,35.7333,140.8333,24.22,75,0,7.41,clear sky
69,Esperance,AU,4/12/2022 3:20,-33.8667,121.9,19.91,80,75,7.42,light rain
70,George Town,MY,4/12/2022 3:19,5.4112,100.3354,30.97,70,20,2.06,few clouds
71,Saint-Joseph,RE,4/12/2022 3:20,-21.3667,55.6167,22.27,83,64,7.63,light rain
72,Lebu,CL,4/12/2022 3:20,-37.6167,-73.65,10.5,85,65,1.41,broken clouds
73,Chumikan,RU,4/12/2022 3:20,54.7183,135.315,-1.52,90,100,8.41,light snow
74,Bilibino,RU,4/12/2022 3:20,68.0546,166.4372,-16.78,70,41,1.3,scattered clouds
75,Kuytun,RU,4/12/2022 3:20,54.3419,101.5036,-1.34,57,100,3.87,overcast clouds
76,Avarua,CK,4/12/2022 3:20,-21.2078,-159.775,27.03,83,40,2.06,scattered clouds
77,Torbay,CA,4/12/2022 3:20,47.6666,-52.7314,1.25,91,100,13.89,light snow
78,Pangnirtung,CA,4/12/2022 3:20,66.1451,-65.7125,-12.47,88,11,3.35,few clouds
79,Al Bardīyah,LY,4/12/2022 3:20,31.7561,25.0865,13.53,70,8,3.6,clear sky
80,Viedma,AR,4/12/2022 3:20,-40.8135,-62.9967,11.94,62,36,3.24,scattered clouds
81,Oddur,SO,4/12/2022 3:20,4.1213,43.8894,23.55,83,80,2.95,broken clouds
82,Suntar,RU,4/12/2022 3:20,62.1444,117.6319,-0.96,75,97,1.97,overcast clouds
83,Bluff,NZ,4/12/2022 3:20,-46.6,168.3333,13.22,62,84,10.05,broken clouds
84,Ancud,CL,4/12/2022 3:16,-41.8697,-73.8203,7.9,82,14,2.24,few clouds
85,Bambous Virieux,MU,4/12/2022 3:20,-20.3428,57.7575,25.14,83,75,6.17,broken clouds
86,Lahad Datu,MY,4/12/2022 3:20,5.0268,118.327,30.07,66,39,1.74,scattered clouds
87,Saint George,US,4/12/2022 3:17,37.1041,-113.5841,22.33,21,0,16.98,clear sky
88,Ures,MX,4/12/2022 3:20,29.4333,-110.4,20.83,39,0,3.15,clear sky
89,Buala,SB,4/12/2022 3:20,-8.145,159.5921,29.04,70,87,1.78,light rain
90,Bathsheba,BB,4/12/2022 3:20,13.2167,-59.5167,26.34,73,75,8.23,broken clouds
91,Penalva,BR,4/12/2022 3:20,-3.2942,-45.1736,23.4,98,100,1.19,overcast clouds
92,Sambava,MG,4/12/2022 3:20,-14.2667,50.1667,23.68,85,35,5.38,scattered clouds
93,Port Elizabeth,ZA,4/12/2022 3:20,-33.918,25.5701,19.06,90,0,2.57,clear sky
94,Tiksi,RU,4/12/2022 3:20,71.6872,128.8694,-17.06,88,99,2.4,overcast clouds
95,Barrow,US,4/12/2022 3:20,71.2906,-156.7887,-3.99,80,100,3.6,light snow
96,Buraidah,SA,4/12/2022 3:21,26.326,43.975,25.25,16,73,1.74,broken clouds
97,Iisalmi,FI,4/12/2022 3:21,63.5592,27.1907,-3.05,97,60,1.19,broken clouds
98,Khāsh,IR,4/12/2022 3:21,28.2211,61.2158,21.62,10,2,1.46,clear sky
99,La Ronge,CA,4/12/2022 3:21,55.1001,-105.2842,-8.86,73,75,4.63,broken clouds
100,Saskylakh,RU,4/12/2022 3:21,71.9167,114.0833,-17.46,90,97,0.9,overcast clouds
101,San Quintín,MX,4/12/2022 3:21,30.4833,-115.95,15.45,79,3,6.17,clear sky
102,Lamu,KE,4/12/2022 3:21,-2.2717,40.902,28.12,71,99,5.07,overcast clouds
103,Ilulissat,GL,4/12/2022 3:21,69.2167,-51.1,-3.99,54,100,0.51,overcast clouds
104,Jiujiang,CN,4/12/2022 3:21,29.7333,115.9833,30.58,40,15,2.59,few clouds
105,Fort Saint James,CA,4/12/2022 3:21,54.4333,-124.25,-6.29,52,32,6.87,scattered clouds
106,Nanortalik,GL,4/12/2022 3:21,60.1432,-45.2371,-0.78,73,89,4.5,overcast clouds
107,Aklavik,CA,4/12/2022 3:21,68.2191,-135.0107,-9.81,89,11,3.84,few clouds
108,Bara,NG,4/12/2022 3:21,10.3744,10.7288,30.01,35,82,1.73,broken clouds
109,South Venice,US,4/12/2022 3:21,27.0531,-82.4243,20.4,84,0,2.57,haze
110,Zvishavane,ZW,4/12/2022 3:21,-20.3267,30.0665,16.49,96,83,0.65,broken clouds
111,Cabo San Lucas,MX,4/12/2022 3:21,22.8909,-109.9124,20.89,68,0,1.79,clear sky
112,Helong,CN,4/12/2022 3:21,42.5397,128.9972,8.49,73,100,2.95,light rain
113,Uyuni,BO,4/12/2022 3:21,-20.4597,-66.825,5.98,23,0,4.18,clear sky
114,Tuktoyaktuk,CA,4/12/2022 3:21,69.4541,-133.0374,-18,78,20,2.57,few clouds
115,Miyako,JP,4/12/2022 3:21,39.6367,141.9525,18.99,45,12,1.89,few clouds
116,Elko,US,4/12/2022 3:21,41.0002,-115.5012,-5.17,81,100,2.68,overcast clouds
117,Upernavik,GL,4/12/2022 3:21,72.7868,-56.1549,-10.16,95,100,3.95,light snow
118,Khatanga,RU,4/12/2022 3:21,71.9667,102.5,-19.67,95,98,0.63,overcast clouds
119,Arraial do Cabo,BR,4/12/2022 3:21,-22.9661,-42.0278,24.55,84,61,6.68,broken clouds
120,Norman Wells,CA,4/12/2022 3:21,65.282,-126.8329,-8.98,32,20,3.6,few clouds
121,Touros,BR,4/12/2022 3:21,-5.1989,-35.4608,25.92,78,100,3.4,overcast clouds
122,Faanui,PF,4/12/2022 3:21,-16.4833,-151.75,27.48,74,20,5.39,light rain
123,Pacific Grove,US,4/12/2022 3:21,36.6177,-121.9166,8.47,67,1,8.05,clear sky
124,Rawson,AR,4/12/2022 3:21,-43.3002,-65.1023,12.63,67,100,7.36,overcast clouds
125,Vao,NC,4/12/2022 3:21,-22.6667,167.4833,25.1,75,10,6.54,clear sky
126,Jovellar,PH,4/12/2022 3:21,13.0695,123.5999,26.79,84,100,2.71,moderate rain
127,Anloga,GH,4/12/2022 3:21,5.7947,0.8973,27.61,86,56,4.69,broken clouds
128,Kota Kinabalu,MY,4/12/2022 3:21,5.9749,116.0724,30.99,70,20,3.13,few clouds
129,Malmesbury,ZA,4/12/2022 3:21,-33.4608,18.7271,18.34,44,5,1.21,clear sky
130,Hobart,AU,4/12/2022 3:18,-42.8794,147.3294,17.69,54,40,6.69,moderate rain
131,Katsuura,JP,4/12/2022 3:21,35.1333,140.3,19.63,76,0,6.16,clear sky
132,Lagoa,PT,4/12/2022 3:21,39.05,-27.9833,15.25,93,100,7.45,overcast clouds
133,Olginskaya,RU,4/12/2022 3:21,47.1879,39.9492,15.52,56,94,2.76,overcast clouds
134,Zhigansk,RU,4/12/2022 3:21,66.7697,123.3711,-12.84,84,51,5.44,broken clouds
135,San Cristobal,VE,4/12/2022 3:21,7.7669,-72.225,22.1,92,95,0.77,overcast clouds
136,Eresós,GR,4/12/2022 3:17,39.1667,25.9333,9.96,63,6,3.66,clear sky
137,Charagua,BO,4/12/2022 3:21,-19.8,-63.2167,20.88,95,85,0.5,overcast clouds
138,Uspenka,UA,4/12/2022 3:21,48.3903,39.1619,11.44,74,96,4.31,overcast clouds
139,Shahr-e Bābak,IR,4/12/2022 3:21,30.1165,55.1186,15.26,15,1,2.83,clear sky
140,Vostok,RU,4/12/2022 3:21,46.4856,135.8833,1.98,99,100,1.14,overcast clouds
141,Middlebury (village),US,4/12/2022 3:21,44.0153,-73.1673,8.71,69,90,2.65,overcast clouds
142,Manggar,ID,4/12/2022 3:21,-2.8833,108.2667,29.98,63,100,0.84,overcast clouds
143,Fairbanks,US,4/12/2022 3:20,64.8378,-147.7164,4.12,42,0,5.14,clear sky
144,Nhulunbuy,AU,4/12/2022 3:21,-12.2333,136.7667,32.34,66,40,8.75,scattered clouds
145,Flin Flon,CA,4/12/2022 3:21,54.7682,-101.865,-4.98,91,99,4.19,overcast clouds
146,Kahului,US,4/12/2022 3:16,20.8947,-156.47,25.87,73,40,8.23,scattered clouds
147,Katobu,ID,4/12/2022 3:21,-4.9408,122.5276,31.68,52,71,1.76,broken clouds
148,Valle Nacional,MX,4/12/2022 3:21,17.7833,-96.3167,26.63,59,59,1.1,broken clouds
149,Statesboro,US,4/12/2022 3:21,32.4488,-81.7832,19.01,52,0,3.6,clear sky
150,Lorengau,PG,4/12/2022 3:21,-2.0226,147.2712,29.83,65,10,4.34,clear sky
151,Makakilo City,US,4/12/2022 3:21,21.3469,-158.0858,25.84,60,75,10.29,broken clouds
152,Thompson,CA,4/12/2022 3:20,55.7435,-97.8558,-1.91,69,75,2.57,broken clouds
153,Jamestown,US,4/12/2022 3:18,42.097,-79.2353,11.75,73,100,3.09,mist
154,Āmlāgora,IN,4/12/2022 3:21,22.8333,87.3333,30.39,61,40,2.72,scattered clouds
155,Sinnamary,GF,4/12/2022 3:21,5.3833,-52.95,25,88,51,4.59,broken clouds
156,Erenhot,CN,4/12/2022 3:21,43.6475,111.9767,6.42,24,4,2.58,clear sky
157,Havre-St-Pierre,CA,4/12/2022 3:21,50.2334,-63.5986,2.2,64,0,3.09,clear sky
158,Port-Cartier,CA,4/12/2022 3:21,50.0334,-66.8654,-0.88,93,46,2.3,scattered clouds
159,Bengkulu,ID,4/12/2022 3:21,-3.8004,102.2655,28.86,66,68,0.97,broken clouds
160,Rāvar,IR,4/12/2022 3:21,31.2656,56.8055,19.75,13,0,1.35,clear sky
161,Yangi Marg`ilon,UZ,4/12/2022 3:21,40.4272,71.7189,22.4,37,100,2.06,overcast clouds
162,Río Gallegos,AR,4/12/2022 3:18,-51.6226,-69.2181,4.03,75,0,5.14,clear sky
163,Melo,UY,4/12/2022 3:21,-32.3667,-54.1833,18.69,94,53,1.65,broken clouds
164,Matara,LK,4/12/2022 3:17,5.9485,80.5353,28.44,73,98,2.81,overcast clouds
165,Ilām,NP,4/12/2022 3:21,26.9167,87.9167,20.8,75,68,1.68,broken clouds
166,Normandin,CA,4/12/2022 3:21,48.8333,-72.5321,3.17,93,100,1.48,overcast clouds
167,Mount Gambier,AU,4/12/2022 3:21,-37.8333,140.7667,17.47,43,27,3.95,scattered clouds
168,Tilichiki,RU,4/12/2022 3:21,60.4667,166.1,-11.83,82,100,5.99,overcast clouds
169,Bethel,US,4/12/2022 3:21,41.3712,-73.414,9.07,68,100,1.34,overcast clouds
170,Agüimes,ES,4/12/2022 3:21,27.9054,-15.4461,16.19,70,75,5.66,broken clouds
171,Huatusco,MX,4/12/2022 3:21,19.15,-96.95,20.51,69,76,2.12,broken clouds
172,Dingle,PH,4/12/2022 3:21,10.9995,122.6711,25.05,90,100,3.84,moderate rain
173,Lobva,RU,4/12/2022 3:21,59.1854,60.5185,1.3,97,83,2.14,broken clouds
174,Ortaköy,TR,4/12/2022 3:21,38.7373,34.0387,0.14,84,100,5.63,overcast clouds
175,Departamento de Maldonado,UY,4/12/2022 3:21,-34.6667,-54.9167,18.66,94,44,3.07,scattered clouds
176,Prachuap Khiri Khan,TH,4/12/2022 3:21,12.2167,99.75,31.49,45,72,2.72,broken clouds
177,Chu,KZ,4/12/2022 3:21,43.5983,73.7614,17.12,59,100,0.56,overcast clouds
178,Qujing,CN,4/12/2022 3:21,25.4833,103.7833,12.83,81,100,5.28,overcast clouds
179,Khovu-Aksy,RU,4/12/2022 3:21,51.1333,93.6,-1.82,48,100,0.87,overcast clouds
180,Stephenville,US,4/12/2022 3:21,32.2207,-98.2023,22.98,71,0,4.63,clear sky
181,Lucapa,AO,4/12/2022 3:21,-8.4192,20.7447,17.7,91,95,1.45,overcast clouds
182,Grand Gaube,MU,4/12/2022 3:21,-20.0064,57.6608,24.65,85,49,0.89,scattered clouds
183,Lompoc,US,4/12/2022 3:21,34.6391,-120.4579,9.05,68,0,10.29,clear sky
184,Mayumba,GA,4/12/2022 3:21,-3.432,10.6554,24.85,90,99,2.2,overcast clouds
185,Cintalapa,MX,4/12/2022 3:21,16.6951,-93.7272,23.32,66,45,1.72,scattered clouds
186,Port Moresby,PG,4/12/2022 3:21,-9.4431,147.1797,32.68,66,40,5.14,haze
187,Sterling,US,4/12/2022 3:18,39.0062,-77.4286,13.24,67,100,3.13,overcast clouds
188,Berlevåg,NO,4/12/2022 3:21,70.8578,29.0864,-0.11,94,99,5.75,overcast clouds
189,Jerez,GT,4/12/2022 3:21,14.1,-89.75,22.23,77,85,1.37,overcast clouds
190,Visby,SE,4/12/2022 3:21,57.6409,18.296,-2.88,93,7,0,clear sky
191,General Pico,AR,4/12/2022 3:21,-35.6566,-63.7568,11.4,45,3,3.36,clear sky
192,Saint Paul Harbor,US,4/12/2022 3:21,57.79,-152.4072,9.73,34,0,5.66,clear sky
193,Half Moon Bay,US,4/12/2022 3:21,37.4636,-122.4286,8.66,70,40,10.8,haze
194,Champerico,GT,4/12/2022 3:21,14.3,-91.9167,28.78,66,28,3.17,scattered clouds
195,Yar-Sale,RU,4/12/2022 3:21,66.8333,70.8333,1.55,100,100,5.19,overcast clouds
196,Raudeberg,NO,4/12/2022 3:21,61.9875,5.1352,1.04,85,100,4.4,overcast clouds
197,Lobito,AO,4/12/2022 3:21,-12.3481,13.5456,23.66,87,36,1.25,light rain
198,Boundiali,CI,4/12/2022 3:21,9.5217,-6.4869,23.1,86,100,5.16,light rain
199,Namatanai,PG,4/12/2022 3:21,-3.6667,152.4333,29.8,61,23,2.93,few clouds
200,Arrondissement de Dole,FR,4/12/2022 3:21,47.0833,5.5,11.78,43,0,6.17,clear sky
201,Leningradskiy,RU,4/12/2022 3:21,69.3833,178.4167,-19.16,83,15,1.92,few clouds
202,Hithadhoo,MV,4/12/2022 3:21,-0.6,73.0833,28.54,68,14,5.38,few clouds
203,Flinders,AU,4/12/2022 3:21,-34.5833,150.8552,20.83,69,94,1.79,overcast clouds
204,Terme,TR,4/12/2022 3:21,41.2092,36.9739,8.96,84,100,10.25,light rain
205,Saldanha,ZA,4/12/2022 3:21,-33.0117,17.9442,17.03,55,0,2.67,clear sky
206,Nelson Bay,AU,4/12/2022 3:21,-32.7167,152.15,22.4,82,40,5.23,scattered clouds
207,Shahrud,IR,4/12/2022 3:21,36.4182,54.9763,15.34,30,4,2.12,clear sky
208,Acapulco de Juárez,MX,4/12/2022 3:21,16.8634,-99.8901,26.9,78,75,2.57,smoke
209,Merauke,ID,4/12/2022 3:21,-8.4667,140.3333,30.54,66,50,2.73,scattered clouds
210,Ust-Nera,RU,4/12/2022 3:21,64.5667,143.2,-9.73,80,42,1.5,scattered clouds
211,Kasamwa,TZ,4/12/2022 3:21,-2.85,32.4333,19.99,67,100,2.1,overcast clouds
212,Chui,UY,4/12/2022 3:21,-33.6971,-53.4616,18.6,94,10,2.33,clear sky
213,Lewistown,US,4/12/2022 3:20,40.5992,-77.5714,9.67,100,75,0,mist
214,Mbandaka,CD,4/12/2022 3:21,0.0487,18.2603,21.65,93,83,0.48,broken clouds
215,Santa Maria,BR,4/12/2022 3:21,-29.6842,-53.8069,20.61,83,20,2.57,light rain
216,East London,ZA,4/12/2022 3:21,-33.0153,27.9116,18.52,94,20,1.54,few clouds
217,Belaya Gora,RU,4/12/2022 3:21,68.5333,146.4167,-10.21,78,69,2.81,broken clouds
218,The Pas,CA,4/12/2022 3:21,53.8251,-101.2541,-4.99,68,100,5.14,overcast clouds
219,Praia da Vitória,PT,4/12/2022 3:21,38.7333,-27.0667,17.14,88,75,3.79,broken clouds
220,Ilo,PE,4/12/2022 3:21,-17.6394,-71.3375,18.72,81,55,3.1,broken clouds
221,Çay,TR,4/12/2022 3:21,38.5917,31.0286,0.44,79,98,3.68,overcast clouds
222,Kavaratti,IN,4/12/2022 3:21,10.5669,72.642,29.16,66,100,2.66,overcast clouds
223,Souillac,MU,4/12/2022 3:21,-20.5167,57.5167,25.21,83,75,6.17,broken clouds
224,Tessalit,ML,4/12/2022 3:21,20.1986,1.0114,25.88,5,27,3.04,scattered clouds
225,Kidal,ML,4/12/2022 3:21,18.4411,1.4078,27.79,5,0,4.53,clear sky
226,Agadir,MA,4/12/2022 3:21,30.4202,-9.5982,15.25,82,17,1.74,few clouds
227,Cockburn Town,TC,4/12/2022 3:21,21.4612,-71.1419,24.71,79,96,12.12,overcast clouds
228,Henties Bay,NA,4/12/2022 3:21,-22.116,14.2845,17.07,83,0,1.5,clear sky
229,Khanbari,NP,4/12/2022 3:21,27.3747,87.2039,23.54,71,50,2.17,scattered clouds
230,Hidalgo,MX,4/12/2022 3:21,20.5,-99,20.31,54,87,2.11,overcast clouds
231,Consett,GB,4/12/2022 3:21,54.854,-1.8316,5.43,92,100,3.36,overcast clouds
232,Soyo,AO,4/12/2022 3:21,-6.1349,12.3689,25,88,93,1.94,overcast clouds
233,Avera,US,4/12/2022 3:21,33.194,-82.5271,17.03,55,100,2.66,overcast clouds
234,Nurota,UZ,4/12/2022 3:21,40.5614,65.6886,16.37,70,12,1.06,few clouds
235,Nikolskoye,RU,4/12/2022 3:21,59.7035,30.7861,-0.68,94,100,1.55,overcast clouds
236,Fes,MA,4/12/2022 3:21,34.0372,-4.9998,13.14,94,75,1.03,broken clouds
237,Pedernales,DO,4/12/2022 3:21,18.0384,-71.744,26.18,68,28,2.32,scattered clouds
238,Lakatoro,VU,4/12/2022 3:21,-16.0999,167.4164,29,68,23,0.8,few clouds
239,Itarema,BR,4/12/2022 3:21,-2.9248,-39.9167,24.99,88,100,2.71,overcast clouds
240,Guerrero Negro,MX,4/12/2022 3:21,27.9769,-114.0611,15.8,79,0,5.86,clear sky
241,Digha,IN,4/12/2022 3:21,21.6833,87.55,29.16,72,56,6.87,broken clouds
242,Khovd,MN,4/12/2022 3:21,48.0056,91.6419,1.23,29,7,0.94,clear sky
243,Rio Claro,BR,4/12/2022 3:21,-22.4114,-47.5614,20.8,88,100,0.9,overcast clouds
244,Deputatsky,RU,4/12/2022 3:21,69.3,139.9,-9.97,69,100,0.83,overcast clouds
245,Christchurch,NZ,4/12/2022 3:21,-43.5333,172.6333,15.22,80,20,5.66,few clouds
246,Dunedin,NZ,4/12/2022 3:21,-45.8742,170.5036,14.89,57,75,1.79,broken clouds
247,Conceição do Araguaia,BR,4/12/2022 3:21,-8.2578,-49.2647,23.9,92,16,1.67,few clouds
248,Djougou,BJ,4/12/2022 3:21,9.7085,1.666,25.41,74,88,4.6,overcast clouds
249,Höchst,AT,4/12/2022 3:21,47.4593,9.6405,4.66,75,100,1.03,overcast clouds
250,Zyryanka,RU,4/12/2022 3:21,65.75,150.85,-8.84,76,7,5.12,clear sky
251,Calabozo,VE,4/12/2022 3:21,8.9242,-67.4293,30.3,45,94,5.44,overcast clouds
252,Kushima,JP,4/12/2022 3:21,31.4583,131.2333,23.83,76,54,1.93,broken clouds
253,Russell,US,4/12/2022 3:21,32.3502,-85.1999,16.43,81,40,3.09,scattered clouds
254,Masinigudi,IN,4/12/2022 3:21,11.5667,76.6667,25.45,65,100,1.05,overcast clouds
255,Shenjiamen,CN,4/12/2022 3:21,29.9576,122.298,18.29,90,84,4.55,broken clouds
256,Lacombe,CA,4/12/2022 3:21,52.4668,-113.7353,-5.76,54,86,6.39,overcast clouds
257,Novosergiyevka,RU,4/12/2022 3:21,52.0934,53.6528,6.73,83,14,3.17,few clouds
258,Freeport,US,4/12/2022 3:19,40.6576,-73.5832,9.57,69,100,8.23,overcast clouds
259,Caravelas,BR,4/12/2022 3:21,-17.7125,-39.2481,24.11,85,0,0.48,clear sky
260,Davila,PH,4/12/2022 3:21,18.4726,120.5763,29.99,70,86,3.67,overcast clouds
261,Belogorsk,RU,4/12/2022 3:21,50.9158,128.4611,3.18,54,70,4.59,broken clouds
262,Alice Springs,AU,4/12/2022 3:19,-23.7,133.8833,35.75,15,40,6.17,scattered clouds
263,Denham Springs,US,4/12/2022 3:21,30.4869,-90.9562,19.89,94,75,2.57,broken clouds
264,Nishihara,JP,4/12/2022 3:21,26.1842,127.7558,24.06,85,20,4.12,few clouds
265,Padang,ID,4/12/2022 3:21,-0.9492,100.3543,30.03,63,48,1.56,scattered clouds
266,Chapada dos Guimarães,BR,4/12/2022 3:21,-15.4606,-55.7497,21.81,64,93,1.39,overcast clouds
267,Žalec,SI,4/12/2022 3:21,46.2515,15.1648,4,72,57,0.45,broken clouds
268,Sangar,RU,4/12/2022 3:21,63.9242,127.4739,-4.21,78,45,1.21,scattered clouds
269,Tasiilaq,GL,4/12/2022 3:22,65.6145,-37.6368,-7.91,83,100,2.16,overcast clouds
270,Swan Hill,AU,4/12/2022 3:18,-35.3378,143.5544,21.17,27,29,4.26,scattered clouds
271,Hualmay,PE,4/12/2022 3:22,-11.0964,-77.6139,19.62,87,20,5.05,few clouds
272,Nioro,GM,4/12/2022 3:22,13.35,-15.75,24.23,41,35,2.54,scattered clouds
273,Palizada,MX,4/12/2022 3:22,18.25,-92.0833,28.94,57,9,5.15,clear sky
274,Coquimbo,CL,4/12/2022 3:22,-29.9533,-71.3436,11.85,93,3,1.54,clear sky
275,Husavik,IS,4/12/2022 3:22,66.0449,-17.3389,-2.45,94,92,2.75,overcast clouds
276,Pochutla,MX,4/12/2022 3:22,15.7432,-96.4661,27.12,72,18,2.5,few clouds
277,Cayenne,GF,4/12/2022 3:22,4.9333,-52.3333,27.27,1,75,3.13,broken clouds
278,Mgandu,TZ,4/12/2022 3:22,-5.95,34.1333,14.39,97,71,2.4,broken clouds
279,Raja,SS,4/12/2022 3:22,8.4596,25.678,25.51,60,94,2.12,overcast clouds
280,Karasjok,NO,4/12/2022 3:17,69.4719,25.5112,-1.09,86,100,9.85,overcast clouds
281,San Patricio,US,4/12/2022 3:22,28.017,-97.5169,23.35,91,100,6.1,overcast clouds
282,Wuda,CN,4/12/2022 3:22,39.4994,106.7117,11.35,21,8,5.81,clear sky
283,Lac du Bonnet,CA,4/12/2022 3:22,50.2536,-96.0612,-2.49,83,27,2.14,scattered clouds
284,Siniscola,IT,4/12/2022 3:22,40.5719,9.6922,3.75,85,56,3.06,broken clouds
285,Ostrovnoy,RU,4/12/2022 3:22,68.0531,39.5131,-0.8,87,74,10.09,broken clouds
286,Yenagoa,NG,4/12/2022 3:22,4.9247,6.2642,23.91,95,100,2.87,moderate rain
287,Daru,PG,4/12/2022 3:22,-9.0763,143.2092,30,76,96,3.96,overcast clouds
288,Sur,OM,4/12/2022 3:22,22.5667,59.5289,30.71,32,0,2.81,clear sky
289,Port Hardy,CA,4/12/2022 3:22,50.6996,-127.4199,7.1,53,75,5.66,broken clouds
290,Paducah,US,4/12/2022 3:22,37.0834,-88.6001,15.06,94,100,2.57,overcast clouds
291,Ixtapa,MX,4/12/2022 3:22,20.7,-105.2,23.57,83,20,3.09,few clouds
292,Elizabeth City,US,4/12/2022 3:22,36.2946,-76.2511,18.04,56,0,6.69,clear sky
293,Bucine,IT,4/12/2022 3:22,43.4764,11.6148,4.65,88,69,1.16,broken clouds
294,Awjilah,LY,4/12/2022 3:22,29.1081,21.2869,13.71,49,0,4.56,clear sky
295,Sept-Îles,CA,4/12/2022 3:22,50.2001,-66.3821,-0.71,74,75,1.03,broken clouds
296,Mamakan,RU,4/12/2022 3:22,57.8161,114.0028,0.22,74,84,0.11,broken clouds
297,Aleksandrov Gay,RU,4/12/2022 3:22,50.147,48.5704,11.26,83,44,4.36,scattered clouds
298,El Tocuyo,VE,4/12/2022 3:22,9.7873,-69.7937,22.83,80,45,0.93,scattered clouds
299,Antalaha,MG,4/12/2022 3:22,-14.9003,50.2788,24.65,79,38,4.47,scattered clouds
300,Ambon City,ID,4/12/2022 3:22,-3.6954,128.1814,31.08,66,40,1.03,moderate rain
301,Nome,US,4/12/2022 3:18,64.5011,-165.4064,1.04,69,0,3.09,clear sky
302,Dicabisagan,PH,4/12/2022 3:22,17.0818,122.4157,26.89,82,89,3.11,overcast clouds
303,Maragogi,BR,4/12/2022 3:22,-9.0122,-35.2225,24.77,77,100,1.55,overcast clouds
304,Egvekinot,RU,4/12/2022 3:22,66.3167,-179.1667,-14.41,84,100,5.21,overcast clouds
305,Moose Factory,CA,4/12/2022 3:22,51.2585,-80.6094,4.99,65,100,8.23,overcast clouds
306,Grindavik,IS,4/12/2022 3:22,63.8424,-22.4338,4.26,70,0,8.23,clear sky
307,Asău,RO,4/12/2022 3:22,46.4333,26.4,-0.49,89,26,2.21,scattered clouds
308,Lüderitz,NA,4/12/2022 3:22,-26.6481,15.1594,19.43,54,0,2.19,clear sky
309,Vuktyl,RU,4/12/2022 3:22,63.8567,57.3094,3.02,99,100,4.45,overcast clouds
310,Palmer,US,4/12/2022 3:22,42.1584,-72.3287,9.97,46,100,3.6,overcast clouds
311,Sjenica,RS,4/12/2022 3:22,43.2731,19.9994,-0.65,70,0,0.97,clear sky
312,Caxito,AO,4/12/2022 3:22,-8.5785,13.6643,23.21,97,95,1.41,overcast clouds
313,Haines Junction,CA,4/12/2022 3:22,60.7522,-137.5108,-4.03,46,100,2.06,overcast clouds
314,Bogorodskoye,RU,4/12/2022 3:22,56.55,37.8833,1.39,99,100,3.63,light snow
315,Ogbomosho,NG,4/12/2022 3:22,8.133,4.25,24.5,89,98,3.96,overcast clouds
316,Rurrenabaque,BO,4/12/2022 3:22,-14.4413,-67.5278,22.97,96,27,0.63,scattered clouds
317,Linxia Chengguanzhen,CN,4/12/2022 3:22,35.6003,103.2064,10.68,38,0,2.33,clear sky
318,Baghmara,IN,4/12/2022 3:22,23.795,86.2085,29.27,63,75,2.34,broken clouds
319,Saint-François,FR,4/12/2022 3:22,46.4154,3.9054,9.69,53,0,3.6,clear sky
320,Kemin,KG,4/12/2022 3:22,42.7846,75.6892,18.04,46,100,3.17,moderate rain
321,Biak,ID,4/12/2022 3:22,-0.9131,122.8766,29.3,60,55,1.33,broken clouds
322,Kaka,TM,4/12/2022 3:22,37.3482,59.6143,18.04,55,1,1.7,clear sky
323,Lerwick,GB,4/12/2022 3:22,60.1545,-1.1494,5,73,100,8.74,overcast clouds
324,Salair,RU,4/12/2022 3:22,54.2312,85.7972,0.68,68,14,3.11,few clouds
325,Nhlangano,SZ,4/12/2022 3:22,-27.1167,31.2,11.24,96,0,1.68,clear sky
326,Hervey Bay,AU,4/12/2022 3:22,-25.2986,152.8535,27.79,69,15,2.24,few clouds
327,Ojinaga,MX,4/12/2022 3:22,29.5667,-104.4167,28.53,14,0,3.6,clear sky
328,Montepuez,MZ,4/12/2022 3:22,-13.1256,38.9997,19.31,99,47,1.86,scattered clouds
329,Mana,GF,4/12/2022 3:22,5.6592,-53.7767,24.77,89,82,4.24,broken clouds
330,Ulladulla,AU,4/12/2022 3:22,-35.35,150.4667,19.32,64,99,3.81,overcast clouds
331,Pavlodar,KZ,4/12/2022 3:22,52.3,76.95,5.89,36,0,8,clear sky
332,Carnarvon,AU,4/12/2022 3:22,-24.8667,113.6333,24.04,38,0,7.2,clear sky
333,Moramanga,MG,4/12/2022 3:22,-18.9333,48.2,17.08,98,100,2.75,light rain
334,Klyuchevskiy,RU,4/12/2022 3:22,53.5317,119.4519,1.61,41,92,1.32,overcast clouds
335,Aksarka,RU,4/12/2022 3:22,66.5606,67.7975,1.43,100,100,4.66,overcast clouds
336,Yanam,IN,4/12/2022 3:22,16.7333,82.2167,32.36,55,23,1.45,few clouds
337,Umluj,SA,4/12/2022 3:22,25.0213,37.2685,23.91,65,2,3.46,clear sky
338,Laas,IT,4/12/2022 3:22,46.6166,10.7002,4.72,66,80,0.32,broken clouds
339,Verāval,IN,4/12/2022 3:22,20.9,70.3667,28.49,66,73,3.57,broken clouds
340,Clyde River,CA,4/12/2022 3:19,70.4692,-68.5914,-24.87,84,0,2.57,clear sky
341,Muli,MV,4/12/2022 3:22,2.9167,73.5667,29,73,17,4.89,few clouds
342,Ambulu,ID,4/12/2022 3:22,-8.345,113.6058,29.01,64,85,1.56,overcast clouds
343,Ürümqi,CN,4/12/2022 3:20,43.801,87.6005,10.53,26,0,2,clear sky
344,Strezhevoy,RU,4/12/2022 3:22,60.7333,77.5889,-0.46,96,96,1.9,overcast clouds
345,Kota Tinggi,MY,4/12/2022 3:22,1.7381,103.8999,30.11,60,61,1.18,broken clouds
346,Osvaldo Cruz,BR,4/12/2022 3:22,-21.7967,-50.8786,20.06,90,22,3.09,few clouds
347,Skibbereen,IE,4/12/2022 3:22,51.55,-9.2667,11.17,97,89,3.37,light rain
348,Barreirinha,BR,4/12/2022 3:22,-2.7933,-57.07,23.25,98,100,0.91,overcast clouds
349,Amapá,BR,4/12/2022 3:22,1,-52,22.29,99,100,1.19,overcast clouds
350,Vanavara,RU,4/12/2022 3:22,60.34,102.2797,-0.36,72,75,0.7,broken clouds
351,Plettenberg Bay,ZA,4/12/2022 3:22,-34.0527,23.3716,19.72,62,0,2.1,clear sky
352,Boda,CF,4/12/2022 3:22,4.3189,17.4695,21.32,79,27,0.4,scattered clouds
353,Beeville,US,4/12/2022 3:21,28.4008,-97.7483,23.32,88,100,4.12,overcast clouds
354,Dandong,CN,4/12/2022 3:22,40.1292,124.3947,11.55,73,100,7.05,overcast clouds
355,Virginia Beach,US,4/12/2022 3:19,36.8529,-75.978,15.95,70,100,4.12,overcast clouds
356,Codrington,AU,4/12/2022 3:22,-38.2667,141.9667,16.32,49,47,5.12,scattered clouds
357,Ahipara,NZ,4/12/2022 3:22,-35.1667,173.1667,16.56,90,100,5.79,moderate rain
358,Xingyi,CN,4/12/2022 3:22,24.1877,102.817,20.92,45,77,5.31,broken clouds
359,Tefé,BR,4/12/2022 3:22,-3.3542,-64.7114,23.49,98,100,0.94,moderate rain
360,Ploufragan,FR,4/12/2022 3:22,48.4914,-2.7946,12.5,89,100,6.17,light rain
361,Am Timan,TD,4/12/2022 3:22,11.0297,20.2827,29.67,41,43,2.97,scattered clouds
362,Mossamedes,AO,4/12/2022 3:22,-15.1961,12.1522,24.81,74,89,3.45,overcast clouds
363,Ferkessédougou,CI,4/12/2022 3:22,9.6,-5.2,26.09,69,100,3.79,overcast clouds
364,Mandan,US,4/12/2022 3:22,46.8267,-100.8896,4.21,44,100,3.6,overcast clouds
365,Salalah,OM,4/12/2022 3:22,17.0151,54.0924,26.05,83,0,0.51,clear sky
366,Chateaubelair,VC,4/12/2022 3:22,13.2833,-61.25,25.05,78,49,5.54,scattered clouds
367,Banamba,ML,4/12/2022 3:22,13.55,-7.45,29.32,38,60,3.07,broken clouds
368,Campbell River,CA,4/12/2022 3:22,50.0163,-125.2446,5.74,52,40,0,scattered clouds
369,Santa Lucía,ES,4/12/2022 3:22,27.9117,-15.5407,13.61,71,75,5.66,broken clouds
370,Sukhobezvodnoye,RU,4/12/2022 3:22,57.0491,44.8891,5.87,95,100,2.82,overcast clouds
371,Oistins,BB,4/12/2022 3:21,13.0667,-59.5333,26.05,73,75,8.23,broken clouds
372,Mnogovershinnyy,RU,4/12/2022 3:22,53.9353,139.9242,-3.17,94,100,6.9,light snow
373,Santa Rosa,PH,4/12/2022 3:22,14.3122,121.1114,29.36,71,100,1.41,overcast clouds
374,Portsmouth,GB,4/12/2022 3:21,50.799,-1.0913,10.81,85,100,3.13,overcast clouds
375,Kearney,US,4/12/2022 3:22,40.6995,-99.0815,10.8,33,0,7.2,clear sky
376,Narwar,IN,4/12/2022 3:22,25.65,77.9,33.96,13,100,6.65,overcast clouds
377,San Luis,AR,4/12/2022 3:21,-33.295,-66.3356,11.89,49,3,4.33,clear sky
378,Kalmunai,LK,4/12/2022 3:22,7.4167,81.8167,27.65,72,99,0.9,overcast clouds
379,Saint-Pierre,RE,4/12/2022 3:22,-21.3393,55.4781,22.81,91,75,10.8,broken clouds
380,Northam,GB,4/12/2022 3:22,51.0333,-4.2167,9.75,95,99,1.63,moderate rain
381,Tomatlán,MX,4/12/2022 3:22,19.9333,-105.25,22.54,77,71,1.01,broken clouds
382,Ponta Porã,BR,4/12/2022 3:22,-22.5361,-55.7256,23.74,65,6,4.82,light rain
383,Yerbogachën,RU,4/12/2022 3:22,61.2767,108.0108,-0.69,81,21,0.7,few clouds
384,Kruisfontein,ZA,4/12/2022 3:22,-34.0033,24.7314,16.75,81,98,1.89,overcast clouds
385,Margate,GB,4/12/2022 3:22,51.3813,1.3862,8.94,84,100,1.34,overcast clouds
386,Āsosa,ET,4/12/2022 3:22,10.0667,34.5333,18.77,69,99,0.95,overcast clouds
387,Arrondissement de Saint-Denis,FR,4/12/2022 3:22,48.9167,2.3333,11.93,74,0,4.63,clear sky
388,Yakima,US,4/12/2022 3:22,46.4665,-120.6678,2.81,84,75,1.54,broken clouds
389,Canmore,CA,4/12/2022 3:22,51.0834,-115.3521,-5.59,45,100,3.09,light snow
390,College,US,4/12/2022 3:20,64.8569,-147.8028,4.11,42,0,5.14,clear sky
391,Phulpur,IN,4/12/2022 3:22,25.55,82.1,33.68,16,96,3.82,overcast clouds
392,Manuk Mangkaw,PH,4/12/2022 3:22,4.8,119.85,28.23,71,14,0.31,few clouds
393,Santa Luzia,BR,4/12/2022 3:22,-19.7697,-43.8514,22.19,78,0,1.54,clear sky
394,City of San Pedro,PH,4/12/2022 3:22,14.35,121.0167,28.93,76,75,3.6,broken clouds
395,Sandakan,MY,4/12/2022 3:22,5.8402,118.1179,30.82,70,20,2.57,few clouds
396,Nieuw Amsterdam,SR,4/12/2022 3:22,5.8833,-55.0833,25.09,91,89,4.05,overcast clouds
397,Pareora,NZ,4/12/2022 3:22,-44.4871,171.2132,11.77,97,100,4.7,overcast clouds
398,Dalbandin,PK,4/12/2022 3:22,28.8947,64.4101,26.95,10,0,2.11,clear sky
399,Lodja,CD,4/12/2022 3:22,-3.4833,23.4333,19.98,96,83,0.32,broken clouds
400,Iqaluit,CA,4/12/2022 3:22,63.7506,-68.5145,-14.61,92,40,1.03,scattered clouds
401,Tuatapere,NZ,4/12/2022 3:22,-46.1333,167.6833,13.88,51,46,4.17,scattered clouds
402,Okha,RU,4/12/2022 3:22,53.5739,142.9478,-0.89,76,100,7.7,overcast clouds
403,Lavrentiya,RU,4/12/2022 3:22,65.5833,-171,-3.68,89,100,5.11,overcast clouds
404,Thinadhoo,MV,4/12/2022 3:22,0.5333,72.9333,28.87,68,38,4.94,scattered clouds
405,Morón,AR,4/12/2022 3:22,-34.6534,-58.6198,14.27,93,0,2.09,clear sky
406,Quatre Cocos,MU,4/12/2022 3:22,-20.2078,57.7625,24.49,75,87,7.69,overcast clouds
407,Cuenca,EC,4/12/2022 3:22,-2.8833,-78.9833,15.07,82,100,1.03,overcast clouds
408,Beringovskiy,RU,4/12/2022 3:22,63.05,179.3167,-1.85,86,100,5.14,overcast clouds
409,Agadez,NE,4/12/2022 3:22,19.75,10.25,27.06,8,0,3.53,clear sky
410,Ashington,GB,4/12/2022 3:22,50.9331,-0.3909,10.31,78,100,4.02,overcast clouds
411,Haimen,CN,4/12/2022 3:22,23.1935,116.6142,29.94,61,0,2.21,clear sky
412,Byron Bay,AU,4/12/2022 3:19,-28.65,153.6167,24.97,78,41,7.21,scattered clouds
413,Chardara,KZ,4/12/2022 3:22,41.2547,67.9692,18.67,56,0,4.6,clear sky
414,Rio Grande,BR,4/12/2022 3:21,-32.035,-52.0986,19.41,90,82,3.8,broken clouds
415,Sulangan,PH,4/12/2022 3:22,11.1373,123.7228,25.23,91,100,13.49,heavy intensity rain
416,Nanyamba,TZ,4/12/2022 3:22,-10.6833,39.8333,20.99,99,44,1.81,scattered clouds
417,Verkhnyaya Inta,RU,4/12/2022 3:22,65.9811,60.3094,2.44,100,100,3.02,overcast clouds
418,Port Victoria,KE,4/12/2022 3:20,0.0939,33.9756,20.67,81,96,4.13,light rain
419,Jutaí,BR,4/12/2022 3:22,-5.1833,-68.9,22.94,95,94,0.73,overcast clouds
420,Casa Grande,US,4/12/2022 3:22,32.8795,-111.7573,23.99,26,0,8.75,clear sky
421,Canutama,BR,4/12/2022 3:22,-6.5339,-64.3831,22.9,98,100,0.46,overcast clouds
422,Bakchar,RU,4/12/2022 3:22,57.0186,82.0711,1.7,74,12,0.85,few clouds
423,Kapit,MY,4/12/2022 3:22,2.0167,112.9333,30.91,62,78,1.15,broken clouds
424,Vila Franca do Campo,PT,4/12/2022 3:22,37.7167,-25.4333,16.23,96,91,3.57,overcast clouds
425,Isangel,VU,4/12/2022 3:22,-19.55,169.2667,31.06,74,75,4.12,broken clouds
426,Yumen,CN,4/12/2022 3:22,40.2833,97.2,8.39,12,3,4.3,clear sky
427,Illapel,CL,4/12/2022 3:22,-31.6308,-71.1653,14.54,72,3,0.73,clear sky
428,Porto-Novo,BJ,4/12/2022 3:22,6.4965,2.6036,27.9,87,39,3.21,scattered clouds
429,Lazarev,RU,4/12/2022 3:22,52.225,141.5131,-0.89,91,100,7.86,light snow
430,Luganville,VU,4/12/2022 3:22,-15.5333,167.1667,29.05,71,30,1.88,scattered clouds
431,Coolum Beach,AU,4/12/2022 3:22,-26.5333,153.1,26.65,70,8,4.7,clear sky
432,Payo,ID,4/12/2022 3:22,-3.7508,103.6372,30.61,60,46,0.77,scattered clouds
433,Binga,ZW,4/12/2022 3:22,-17.6203,27.3414,20.91,77,99,0.95,overcast clouds
434,Werda,BW,4/12/2022 3:22,-25.2667,23.2833,16.05,89,0,3.23,clear sky
435,Kieta,PG,4/12/2022 3:22,-6.2167,155.6333,29.3,69,92,2.39,light rain
436,Province of Trapani,IT,4/12/2022 3:19,37.8333,12.6667,9.05,81,0,2.57,clear sky
437,Port Macquarie,AU,4/12/2022 3:22,-31.4333,152.9167,22.72,69,45,5.78,scattered clouds
438,Parabel',RU,4/12/2022 3:22,58.6978,81.4825,0.14,91,74,2.25,broken clouds
439,Denizli Province,TR,4/12/2022 3:22,37.8402,29.0698,4.4,88,58,1.72,broken clouds
440,Ketchikan,US,4/12/2022 3:19,55.3422,-131.6461,2.26,69,75,3.6,light rain
441,Mitsamiouli,KM,4/12/2022 3:22,-11.3847,43.2844,26.16,83,40,3.6,scattered clouds
442,Caldwell,US,4/12/2022 3:22,43.6629,-116.6874,3.56,49,75,6.69,broken clouds
443,Kaeo,NZ,4/12/2022 3:22,-35.1,173.7833,17.96,93,100,7.58,light rain
444,Evensk,RU,4/12/2022 3:22,61.95,159.2333,-6.46,61,6,4.63,clear sky
445,Mersing,MY,4/12/2022 3:22,2.4312,103.8405,30.95,70,40,1.54,scattered clouds
446,Anju,KP,4/12/2022 3:22,39.6178,125.6647,12.58,89,100,1.66,light rain
447,San Jose,US,4/12/2022 3:18,37.3394,-121.895,8.89,55,20,7.2,few clouds
448,Abnūb,EG,4/12/2022 3:22,27.2696,31.1511,14.97,56,0,6.76,clear sky
449,Guangzhou,CN,4/12/2022 3:22,23.1167,113.25,29.97,47,1,2.93,clear sky
450,Baykit,RU,4/12/2022 3:22,61.67,96.37,-3.36,74,19,1.63,few clouds
451,Fort-Shevchenko,KZ,4/12/2022 3:22,44.5086,50.263,14.13,62,0,6.87,clear sky
452,Nemuro,JP,4/12/2022 3:22,43.3236,145.575,7.12,79,29,6.54,scattered clouds
453,Purranque,CL,4/12/2022 3:22,-40.9167,-73.1667,7.38,95,61,2.14,broken clouds
454,Tinyahuarco,PE,4/12/2022 3:23,-10.75,-76.3,5.09,93,99,1.36,overcast clouds
455,Dawson Creek,CA,4/12/2022 3:23,55.7666,-120.2362,-8.2,62,75,5.66,broken clouds
456,Zhangye,CN,4/12/2022 3:23,38.9342,100.4517,10.21,24,100,3.03,overcast clouds
457,Sistranda,NO,4/12/2022 3:22,63.7256,8.834,3.98,76,100,8.42,overcast clouds
458,Shalinskoye,RU,4/12/2022 3:23,55.7228,93.7594,-2.06,86,100,3.43,light snow
459,Isetskoye,RU,4/12/2022 3:23,56.4858,65.3226,1.2,85,100,3.84,overcast clouds
460,Faya,SA,4/12/2022 3:23,18.3851,42.4509,16.29,50,0,1.65,clear sky
461,Saint-Augustin,CA,4/12/2022 3:23,51.226,-58.6502,-0.26,78,31,6.34,scattered clouds
462,São Sebastião,BR,4/12/2022 3:23,-23.76,-45.4097,23.57,92,83,3.69,broken clouds
463,Chabahar,IR,4/12/2022 3:23,25.2919,60.643,26.69,72,0,3.91,clear sky
464,Korla,CN,4/12/2022 3:23,41.7597,86.1469,17.21,21,100,3.43,overcast clouds
465,Kiryat Gat,IL,4/12/2022 3:23,31.61,34.7642,11.94,100,14,2.82,few clouds
466,Sri Aman,MY,4/12/2022 3:23,1.2376,111.4621,31.03,70,40,0.51,scattered clouds
467,Rockhampton,AU,4/12/2022 3:23,-23.3833,150.5,30.94,42,0,4.63,clear sky
468,Simao,CN,4/12/2022 3:23,22.7886,100.9748,25.93,36,17,3.6,few clouds
469,Bandarbeyla,SO,4/12/2022 3:23,9.4942,50.8122,25.83,87,12,2.66,few clouds
470,La Orilla,MX,4/12/2022 3:23,17.9833,-102.2333,23.98,86,48,1.41,scattered clouds
471,Zhezkazgan,KZ,4/12/2022 3:23,47.8043,67.7144,7.99,53,40,7,light rain
472,Aksu,CN,4/12/2022 3:23,41.1231,80.2644,18.72,24,82,5.13,broken clouds
473,North Bend,US,4/12/2022 3:23,43.4065,-124.2243,6.66,86,100,6.69,overcast clouds
474,Nevers,FR,4/12/2022 3:23,46.9896,3.159,10.86,55,100,3.63,overcast clouds
475,Turinsk,RU,4/12/2022 3:23,58.0458,63.696,2.54,77,5,2.95,clear sky
476,Pundaguitan,PH,4/12/2022 3:23,6.3711,126.1689,28.78,73,93,6.07,overcast clouds
477,Antofagasta,CL,4/12/2022 3:23,-23.65,-70.4,15.6,83,46,2.43,scattered clouds
478,Balabac,PH,4/12/2022 3:23,7.9868,117.0645,28.6,74,100,5.74,overcast clouds
479,Severnyy,RU,4/12/2022 3:23,50.677,36.5532,6.02,100,100,1,mist
480,Peterhead,GB,4/12/2022 3:23,57.5058,-1.7981,5.93,86,100,10.4,overcast clouds
481,Lowestoft,GB,4/12/2022 3:23,52.4752,1.7516,8.74,88,100,5.2,overcast clouds
482,Takoradze,GH,4/12/2022 3:23,4.8845,-1.7554,26.76,87,100,3.3,overcast clouds
483,Semey,KZ,4/12/2022 3:23,50.4111,80.2275,5.12,52,0,1,clear sky
484,Moctezuma,MX,4/12/2022 3:23,29.8,-109.6667,20.48,40,0,5.19,clear sky
485,Ajdabiya,LY,4/12/2022 3:23,30.7554,20.2263,11.63,66,30,3.85,scattered clouds
486,Mgachi,RU,4/12/2022 3:23,51.05,142.2667,2.67,81,100,2.1,moderate rain
487,Atar,MR,4/12/2022 3:23,20.5169,-13.0499,25,16,96,3.55,overcast clouds
488,Aripuanã,BR,4/12/2022 3:23,-9.1667,-60.6333,22.87,98,100,0.21,overcast clouds
489,Sioux Lookout,CA,4/12/2022 3:23,50.1001,-91.917,2.04,55,75,3.09,broken clouds
490,Kayerkan,RU,4/12/2022 3:23,69.3497,87.7602,-8.04,67,100,3.9,overcast clouds
491,Bandar-e Anzali,IR,4/12/2022 3:23,37.4727,49.4622,12.06,68,4,2.01,clear sky
492,Solnechnyy,RU,4/12/2022 3:23,50.7214,136.6319,-1.3,81,100,3.84,overcast clouds
493,Broni,IT,4/12/2022 3:23,45.0655,9.2623,7.43,73,100,1.13,overcast clouds
494,Grand-Lahou,CI,4/12/2022 3:23,5.1367,-5.0242,26.04,90,100,4.04,overcast clouds
495,Sioux City,US,4/12/2022 3:21,42.5,-96.4003,10.51,26,0,4.02,clear sky
496,Sakakah,SA,4/12/2022 3:23,29.9697,40.2064,19.76,27,57,3.89,broken clouds
497,Gōtsuchō,JP,4/12/2022 3:23,35,132.2167,18.27,81,81,1.35,broken clouds
498,Pitsunda,GE,4/12/2022 3:23,43.1592,40.3378,10.1,98,100,5.67,light rain
499,Esso,RU,4/12/2022 3:23,55.9333,158.7,-1.7,77,100,1.42,overcast clouds
500,Luanda,AO,4/12/2022 3:19,-8.8368,13.2343,24.82,86,100,2.93,light rain
501,Greymouth,NZ,4/12/2022 3:23,-42.4667,171.2,15.32,81,82,5.62,broken clouds
502,Obigarm,TJ,4/12/2022 3:23,38.7173,69.7088,15.45,69,55,1.97,broken clouds
503,Adré,TD,4/12/2022 3:23,13.4667,22.2,24.32,11,25,3.73,scattered clouds
504,Goderich,CA,4/12/2022 3:22,43.7501,-81.7165,9.17,61,100,2.57,overcast clouds
505,Miandrivazo,MG,4/12/2022 3:23,-19.5167,45.4667,22.98,64,46,1.74,scattered clouds
506,Kysyl-Syr,RU,4/12/2022 3:23,63.8986,122.7617,-4.51,89,100,1.19,overcast clouds
507,Coahuayana Viejo,MX,4/12/2022 3:23,18.7333,-103.6833,22.8,82,100,0.5,overcast clouds
508,Okato,NZ,4/12/2022 3:23,-39.2,173.8833,19.24,80,100,3.79,light rain
509,Popondetta,PG,4/12/2022 3:23,-8.7537,148.2534,33.33,47,33,2.6,scattered clouds
510,Doha,QA,4/12/2022 3:23,25.2867,51.5333,23.97,46,9,0,clear sky
511,Mount Isa,AU,4/12/2022 3:23,-20.7333,139.5,35.87,21,83,5.66,broken clouds
512,Longyearbyen,SJ,4/12/2022 3:23,78.2186,15.6401,-15.09,72,0,3.09,clear sky
513,Nipawin,CA,4/12/2022 3:23,53.3668,-104.0009,-6.98,73,100,6.17,overcast clouds
514,Boende,CD,4/12/2022 3:23,-0.2167,20.8667,20.44,94,71,0.47,broken clouds
515,Harindānga,IN,4/12/2022 3:23,22.0383,88.3214,30.47,64,69,7.89,broken clouds
516,Quelimane,MZ,4/12/2022 3:23,-17.8786,36.8883,24.97,100,100,1.54,fog
517,Chirongui,YT,4/12/2022 3:23,-12.9319,45.1483,24.96,73,87,6.3,overcast clouds
518,Mogadishu,SO,4/12/2022 3:23,2.0371,45.3438,27.32,79,82,2.9,broken clouds
519,Hamilton,US,4/12/2022 3:23,39.1834,-84.5333,13.79,95,100,4.12,moderate rain
520,Betsiamites,CA,4/12/2022 3:23,48.9413,-68.646,2.05,96,100,1.97,overcast clouds
521,Guánica,PR,4/12/2022 3:23,17.9716,-66.908,23.94,81,62,1.97,broken clouds
522,Kyaikkami,MM,4/12/2022 3:23,16.08,97.5675,29.58,60,10,2.95,clear sky
523,Le Vauclin,MQ,4/12/2022 3:23,14.5452,-60.8388,25.03,78,0,3.09,clear sky
524,Port Blair,IN,4/12/2022 3:23,11.6667,92.75,30.02,74,20,2.57,few clouds
525,Ankazoabo,MG,4/12/2022 3:23,-22.2833,44.5167,19.49,70,100,1.8,overcast clouds
526,Beloha,MG,4/12/2022 3:23,-25.1667,45.05,21.83,85,100,6.01,overcast clouds
527,Ponta Delgada,PT,4/12/2022 3:23,37.7333,-25.6667,16.4,94,75,5.66,light intensity drizzle
528,Leh,IN,4/12/2022 3:23,34.1667,77.5833,3.42,53,100,0.39,overcast clouds
529,Peniche,PT,4/12/2022 3:23,39.3558,-9.3811,12.9,93,64,5.13,broken clouds
530,São Filipe,CV,4/12/2022 3:23,14.8961,-24.4956,21.16,73,100,3.12,overcast clouds
531,Prince Rupert,CA,4/12/2022 3:23,54.3161,-130.3201,4.05,81,0,5.66,clear sky
532,Sal Rei,CV,4/12/2022 3:23,16.1833,-22.9167,20.33,80,99,8.04,overcast clouds
533,Opuwo,NA,4/12/2022 3:21,-18.0607,13.84,19.33,77,100,0.89,overcast clouds
534,Narsaq,GL,4/12/2022 3:23,60.9167,-46.05,3.12,51,47,5.73,scattered clouds
535,Biloela,AU,4/12/2022 3:23,-24.4167,150.5,31.52,29,0,4.86,clear sky
536,La Tuque,CA,4/12/2022 3:23,47.4334,-72.7824,6.14,56,100,2.06,overcast clouds
537,Middle Island,US,4/12/2022 3:23,40.8843,-72.9373,8.5,75,0,5.66,clear sky
538,Karoi,ZW,4/12/2022 3:23,-16.8099,29.6925,15.39,97,58,1.73,broken clouds
539,Hibbing,US,4/12/2022 3:23,47.4272,-92.9377,-1.27,53,0,0,clear sky
540,Bubaque,GW,4/12/2022 3:23,11.2833,-15.8333,23.55,76,11,5.68,few clouds
541,Ballina,AU,4/12/2022 3:23,-28.8667,153.5667,25.85,70,40,7.2,scattered clouds
542,Waddān,LY,4/12/2022 3:23,29.1614,16.139,13.21,56,1,5.59,clear sky
543,Kabare,CD,4/12/2022 3:23,-2.4683,28.8242,15.47,92,100,0.7,overcast clouds
544,Mopti,ML,4/12/2022 3:23,14.6667,-4,32.02,19,96,2.06,overcast clouds
545,Naberera,TZ,4/12/2022 3:23,-4.2,36.9333,16.67,91,91,3.49,light rain
546,Bantry,IE,4/12/2022 3:23,51.6833,-9.45,10.99,97,95,2.84,overcast clouds
547,Hirara,JP,4/12/2022 3:23,24.8,125.2833,26.15,73,40,5.14,scattered clouds
548,Oodweyne,SO,4/12/2022 3:23,9.4092,45.064,20.68,47,70,3.14,broken clouds
549,Imeni Poliny Osipenko,RU,4/12/2022 3:23,52.4201,136.4853,-0.92,93,100,5.05,overcast clouds
550,Ōmamachō-ōmama,JP,4/12/2022 3:23,36.4333,139.2833,26.36,38,0,2.35,clear sky
551,Garoowe,SO,4/12/2022 3:23,8.4054,48.4845,22.32,89,7,2.27,clear sky
552,Shāmgarh,IN,4/12/2022 3:23,24.1833,75.6333,31.33,18,100,4.61,overcast clouds
553,Krasnosel'kup,RU,4/12/2022 3:23,65.7,82.4667,0.78,100,100,3.46,overcast clouds
554,Danville,US,4/12/2022 3:23,36.586,-79.395,21.23,32,75,2.06,broken clouds
555,Pedasí,PA,4/12/2022 3:23,7.5333,-80.0333,23.93,78,55,8.94,broken clouds
556,Toktogul,KG,4/12/2022 3:23,41.8708,72.9402,18.21,53,100,1.09,light rain
557,Krasnyy Yar,RU,4/12/2022 3:23,46.5331,48.3456,9.98,66,0,5.17,clear sky
558,North Platte,US,4/12/2022 3:23,41.1239,-100.7654,12.49,31,0,9.83,clear sky
559,São João da Barra,BR,4/12/2022 3:23,-21.6403,-41.0511,24.45,84,16,3.38,few clouds
560,Santa Inês,BR,4/12/2022 3:23,-3.6667,-45.38,23.22,98,100,1.4,overcast clouds
561,Sitka,US,4/12/2022 3:22,57.0531,-135.33,0.94,27,40,5.14,scattered clouds
562,Embonas,GR,4/12/2022 3:23,36.2269,27.8564,9.07,60,0,7.08,clear sky
563,Pemba,MZ,4/12/2022 3:23,-12.974,40.5178,26.19,81,25,4.72,scattered clouds
564,Sobolevo,RU,4/12/2022 3:23,54.4299,31.8996,2.47,76,100,3.93,overcast clouds
565,Mingguang,CN,4/12/2022 3:23,32.7802,117.9638,28.32,47,30,5.24,scattered clouds
566,Bāndarban,BD,4/12/2022 3:23,22.1965,92.2262,30.84,48,1,1.82,clear sky
567,Tual,ID,4/12/2022 3:23,-5.6667,132.75,28.48,72,98,1.57,overcast clouds
568,Bhawānipatna,IN,4/12/2022 3:23,19.9,83.1667,34.65,30,95,2.01,overcast clouds
569,Sergeevka,KZ,4/12/2022 3:23,53.88,67.4158,5.18,54,98,6.61,overcast clouds
570,Phan Thiet,VN,4/12/2022 3:20,10.9333,108.1,29.99,59,61,2.29,broken clouds
571,Turaif,SA,4/12/2022 3:23,31.6725,38.6637,9.14,93,0,7.72,clear sky
572,Arman',RU,4/12/2022 3:23,59.7,150.1667,-3.32,58,0,1.62,clear sky
573,Taoudenni,ML,4/12/2022 3:23,22.6783,-3.9836,26.28,6,100,3.27,overcast clouds
574,Manta,EC,4/12/2022 3:19,-0.95,-80.7333,24.88,88,75,3.6,broken clouds
575,Sola,VU,4/12/2022 3:23,-13.8833,167.55,28,69,10,2.48,clear sky
576,Lumeje,AO,4/12/2022 3:23,-11.55,20.7833,18.21,90,47,2.46,scattered clouds
577,Marystown,CA,4/12/2022 3:23,47.1666,-55.1483,3.25,100,98,5.36,overcast clouds
578,Krasnyy Chikoy,RU,4/12/2022 3:23,50.3643,108.7512,1.95,59,100,1.37,overcast clouds
579,Olafsvik,IS,4/12/2022 3:23,64.8945,-23.7142,0.84,79,75,10.34,broken clouds
580,Vanimo,PG,4/12/2022 3:23,-2.6741,141.3028,30.95,62,53,4.31,heavy intensity rain
581,Ratanpur,IN,4/12/2022 3:23,22.3,82.1667,35.51,18,10,2.3,clear sky
582,La Sarre,CA,4/12/2022 3:23,48.8002,-79.1996,3.77,86,95,6.35,overcast clouds
583,Denia,ES,4/12/2022 3:23,38.8408,0.1057,13.88,91,85,4.47,overcast clouds
584,Tambun,ID,4/12/2022 3:23,-6.2641,107.0712,31.49,67,75,0.64,broken clouds
585,Alihe,CN,4/12/2022 3:23,50.5667,123.7167,3.77,35,64,4.02,broken clouds
586,Port Hawkesbury,CA,4/12/2022 3:23,45.6169,-61.3485,1.31,87,0,4.12,clear sky
587,Betong,TH,4/12/2022 3:23,5.7743,101.0723,30.12,62,33,0.49,scattered clouds
588,Kitimat,CA,4/12/2022 3:23,54.0524,-128.6534,6.06,44,98,0.45,overcast clouds
589,Parnamirim,BR,4/12/2022 3:23,-5.9156,-35.2628,24.94,88,20,1.54,light rain
590,Billings Metropolitan Area,US,4/12/2022 3:22,45.7833,-108.5007,2.71,70,100,10.29,light snow
591,Loreto,MX,4/12/2022 3:23,22.2667,-101.9667,21.16,26,89,4.63,overcast clouds
592,Mamontovo,RU,4/12/2022 3:23,52.7055,81.6244,4.44,37,1,7.2,clear sky
593,Baruun-Urt,MN,4/12/2022 3:23,46.6806,113.2792,4,29,100,0.49,overcast clouds
594,Mazatlán,MX,4/12/2022 3:21,23.2167,-106.4167,22.73,86,0,2.06,clear sky
595,Bagotville,AU,4/12/2022 3:23,-28.9833,153.4167,25.64,76,64,6.38,broken clouds
596,Pandan,PH,4/12/2022 3:23,14.0453,124.1694,27.01,86,100,5.1,overcast clouds
597,Jorochito,BO,4/12/2022 3:23,-18.05,-63.4333,22.45,92,83,2.49,broken clouds
598,Fukuechō,JP,4/12/2022 3:23,32.6881,128.8419,23.2,83,75,3.09,broken clouds
599,Teya,RU,4/12/2022 3:23,60.3778,92.6267,-2.86,85,99,0.61,overcast clouds
600,Karratha,AU,4/12/2022 3:23,-20.7377,116.8463,32.23,22,0,0.81,clear sky
601,San Julián,MX,4/12/2022 3:23,21.0167,-102.1667,18.75,26,22,2.75,few clouds
602,Rønne,DK,4/12/2022 3:23,55.1009,14.7066,-0.05,86,14,2.06,few clouds
603,Qasigiannguit,GL,4/12/2022 3:23,68.8193,-51.1922,-3.86,84,100,1.7,overcast clouds
604,Pauini,BR,4/12/2022 3:23,-7.7136,-66.9764,22.93,99,100,0.67,overcast clouds
605,Nantucket,US,4/12/2022 3:23,41.2835,-70.0995,6.5,82,0,5.14,clear sky
606,Tyukhtet,RU,4/12/2022 3:23,56.5389,89.3011,-1.23,87,100,2.84,overcast clouds
607,Kashmor,PK,4/12/2022 3:23,28.4333,69.5833,28.46,41,0,2.69,clear sky
608,Pangody,RU,4/12/2022 3:23,65.85,74.4859,1.25,100,100,4.57,overcast clouds
609,Bétérou,BJ,4/12/2022 3:23,9.1992,2.2586,25.84,79,96,3.22,overcast clouds
610,Boulder City,US,4/12/2022 3:23,35.9786,-114.8325,18.3,27,75,10.8,broken clouds
611,Marsh Harbour,BS,4/12/2022 3:23,26.5412,-77.0636,21.7,62,0,8.15,clear sky
612,Villamontes,BO,4/12/2022 3:23,-21.25,-63.5,22.27,96,55,2.02,broken clouds
613,Kutulik,RU,4/12/2022 3:23,53.3508,102.7839,-0.41,46,100,3.92,overcast clouds
614,Chapais,CA,4/12/2022 3:23,49.7834,-74.8492,4.88,94,100,4.66,overcast clouds
615,Aswān,EG,4/12/2022 3:23,24.0934,32.907,23.87,21,1,6.61,clear sky
616,Znamenskoye,RU,4/12/2022 3:23,57.1281,73.8282,2.45,74,5,2.04,clear sky
617,Glens Falls,US,4/12/2022 3:20,43.3095,-73.644,9.34,61,100,0.45,overcast clouds
618,Abu Samrah,SY,4/12/2022 3:23,35.3029,37.1841,11.6,69,56,10.91,broken clouds
619,Chudniv,UA,4/12/2022 3:23,50.052,28.1175,-0.01,82,20,4.48,few clouds
620,Goma,CD,4/12/2022 3:23,-1.6792,29.2228,16.76,83,100,1.06,overcast clouds
621,Ushtobe,KZ,4/12/2022 3:23,45.2514,77.9838,15.15,35,100,5.35,overcast clouds
622,Srinagar,IN,4/12/2022 3:23,34.0833,74.8167,17.71,35,100,0.67,overcast clouds
623,Kuching,MY,4/12/2022 3:23,1.55,110.3333,29.12,79,40,1.03,scattered clouds
624,Tyret’ Pervaya,RU,4/12/2022 3:23,53.6703,102.3106,-0.37,47,100,3.78,overcast clouds
625,Saint Anthony,US,4/12/2022 3:23,45.0205,-93.218,7.09,57,0,2.06,clear sky
626,Teplodar,UA,4/12/2022 3:23,46.5059,30.3252,4.48,57,87,9.1,overcast clouds
627,Pontianak,ID,4/12/2022 3:23,-0.0333,109.3333,29.99,70,75,1.54,broken clouds
628,Gizo Government Station,SB,4/12/2022 3:23,-8.103,156.8419,28.93,70,86,1.57,overcast clouds
629,Winnemucca,US,4/12/2022 3:23,40.973,-117.7357,-2.97,80,20,3.09,light snow
630,Fatehābād,IN,4/12/2022 3:24,29.5167,75.45,32.77,12,100,4.4,overcast clouds
631,Shingū,JP,4/12/2022 3:24,33.7333,135.9833,21.17,66,6,2.58,clear sky
632,Fort Nelson,CA,4/12/2022 3:24,58.8053,-122.7002,-9.23,48,40,3.09,scattered clouds
633,Xining,CN,4/12/2022 3:24,36.6167,101.7667,9.44,27,36,2.98,scattered clouds
634,Tevaitoa,PF,4/12/2022 3:24,-16.7833,-151.5,28.07,72,18,6.16,light rain
635,Pisco,PE,4/12/2022 3:24,-13.7,-76.2167,18.03,82,0,6.17,clear sky
636,Turukhansk,RU,4/12/2022 3:24,65.8167,87.9833,-4.58,84,97,4.18,overcast clouds
637,Jalu,LY,4/12/2022 3:24,29.0331,21.5482,13.67,48,0,4.35,clear sky
638,Quechultenango,MX,4/12/2022 3:24,17.4167,-99.2167,22.53,69,13,2.14,few clouds
639,Halifax,CA,4/12/2022 3:24,44.6453,-63.5724,4.16,78,25,2.02,scattered clouds
640,Kailua,US,4/12/2022 3:24,21.4022,-157.7394,24.42,80,75,6.17,light rain
641,Asilah,MA,4/12/2022 3:24,35.465,-6.0348,15.98,86,26,4.16,scattered clouds
642,Bonavista,CA,4/12/2022 3:24,48.6499,-53.1147,-0.17,96,100,17.3,snow
643,Troitsko-Pechorsk,RU,4/12/2022 3:24,62.7084,56.1964,2.72,99,100,3.22,overcast clouds
644,Boké,GN,4/12/2022 3:24,10.9409,-14.2967,21.03,88,74,1.64,broken clouds
645,Coyhaique,CL,4/12/2022 3:24,-45.5752,-72.0662,3.97,87,0,2.06,clear sky
646,Belmonte,BR,4/12/2022 3:24,-15.8631,-38.8828,25.6,75,81,1.32,broken clouds
647,Podyuga,RU,4/12/2022 3:24,61.095,40.8647,0.92,97,100,0.39,overcast clouds
648,Chicama,PE,4/12/2022 3:24,-7.8447,-79.1469,18.3,81,91,3.28,overcast clouds
649,Oranjemund,NA,4/12/2022 3:24,-28.55,16.4333,18.85,55,0,1.35,clear sky
650,Xai-Xai,MZ,4/12/2022 3:24,-25.0519,33.6442,21.53,94,24,2.18,few clouds
651,Neuquén,AR,4/12/2022 3:24,-38.9516,-68.0591,12.33,49,43,10.95,scattered clouds
652,Langenburg,DE,4/12/2022 3:24,49.2544,9.8458,3.29,75,98,3.09,overcast clouds
653,Uruçuí,BR,4/12/2022 3:24,-7.2294,-44.5561,24.02,92,11,1.29,few clouds
654,Inírida,CO,4/12/2022 3:24,3.8653,-67.9239,23.58,94,87,0.61,overcast clouds
655,Tibati,CM,4/12/2022 3:24,6.4667,12.6333,20.26,83,37,1.19,scattered clouds
656,Venezuela,VE,4/12/2022 3:24,8,-66,29.91,47,81,7.56,broken clouds
657,Broome,US,4/12/2022 3:24,42.2506,-75.833,9.34,79,100,3.6,overcast clouds
658,Šiauliai,LT,4/12/2022 3:24,55.9333,23.3167,-0.99,93,0,2.57,clear sky
659,Port Augusta,AU,4/12/2022 3:19,-32.5,137.7667,31.37,24,26,4.7,scattered clouds
660,Bāglung,NP,4/12/2022 3:24,28.2719,83.5898,24.2,50,100,1.9,overcast clouds
661,Wad Medani,SD,4/12/2022 3:24,14.4012,33.5199,28.37,49,15,5.86,few clouds
662,Haapiti,PF,4/12/2022 3:24,-17.5667,-149.8667,29.84,70,10,6.38,light rain
663,Tupiza,BO,4/12/2022 3:24,-21.45,-65.7167,12.95,16,0,3.58,clear sky
664,Ambilobe,MG,4/12/2022 3:24,-13.2,49.05,21.08,89,18,1.81,few clouds
665,Ranau,MY,4/12/2022 3:24,5.9538,116.6641,29.89,51,21,0.54,few clouds
666,Alta Floresta,BR,4/12/2022 3:24,-9.8756,-56.0861,22.22,93,2,1.21,clear sky
667,Liverpool,GB,4/12/2022 3:19,53.4106,-2.9779,8.92,79,100,4.12,overcast clouds
668,Waverley,ZA,4/12/2022 3:24,-25.7023,28.2591,12.13,100,5,0.51,clear sky
669,Taguatinga,BR,4/12/2022 3:24,-12.3857,-46.5711,25.37,53,48,0.9,scattered clouds
670,Marshfield,US,4/12/2022 3:20,44.6689,-90.1718,5.74,56,0,0,clear sky
671,Hay River,CA,4/12/2022 3:24,60.8156,-115.7999,-10.01,67,75,4.63,broken clouds
672,Igarka,RU,4/12/2022 3:24,67.4667,86.5833,-8.56,92,100,6.26,overcast clouds
673,Lovozero,RU,4/12/2022 3:24,68.005,35.0117,-3.61,90,29,3.37,scattered clouds
674,Almeirim,BR,4/12/2022 3:24,-1.5233,-52.5817,23.37,97,97,1.22,heavy intensity rain
675,Fallon,US,4/12/2022 3:24,39.4735,-118.7774,2.37,40,75,10.8,broken clouds
676,Kismayo,SO,4/12/2022 3:24,-0.3582,42.5454,27.39,83,94,4.73,overcast clouds
677,Abu Kamal,SY,4/12/2022 3:24,34.4506,40.9171,15.16,44,0,7.25,clear sky
678,Panzhihua,CN,4/12/2022 3:24,26.5851,101.7128,20.93,59,98,3.76,overcast clouds
679,La Ligua,CL,4/12/2022 3:24,-32.4524,-71.2311,13.18,75,4,1.05,clear sky
680,Rome,US,4/12/2022 3:24,43.2128,-75.4557,11.67,78,100,6.69,moderate rain
681,Nyurba,RU,4/12/2022 3:24,63.2842,118.3319,-2.87,88,100,1.74,overcast clouds
682,Gogrial,SS,4/12/2022 3:24,8.5332,28.1004,26.53,61,100,1.09,overcast clouds
683,Āstāneh-ye Ashrafīyeh,IR,4/12/2022 3:24,37.2596,49.9444,11.96,53,1,1.45,clear sky
684,El Tigre,VE,4/12/2022 3:24,8.8875,-64.2454,26.06,62,51,6.72,broken clouds
685,Bairiki Village,KI,4/12/2022 3:24,1.3292,172.9752,30,74,20,3.6,few clouds
686,Hong Gai,VN,4/12/2022 3:24,20.956,107.0946,24.95,67,20,2.5,few clouds
687,Turtas,RU,4/12/2022 3:24,58.9417,69.1325,2.67,75,0,2.48,clear sky
688,Galesong,ID,4/12/2022 3:24,-5.3166,119.3661,31.01,66,92,1.48,overcast clouds
689,Inongo,CD,4/12/2022 3:24,-1.95,18.2667,22.87,87,100,0.72,overcast clouds
690,Ust'-Barguzin,RU,4/12/2022 3:24,53.45,108.9833,-0.4,68,83,4.44,broken clouds
691,Uarini,BR,4/12/2022 3:24,-2.99,-65.1083,23.51,98,99,1.02,moderate rain
692,Miramar,US,4/12/2022 3:24,25.9873,-80.2323,22.73,63,40,7.72,scattered clouds
693,‘Āhuimanu,US,4/12/2022 3:24,21.4447,-157.8378,24.48,75,75,10.29,light rain
694,Naryan-Mar,RU,4/12/2022 3:24,67.6713,53.087,0.83,97,100,4.28,overcast clouds
695,Cocobeach,GA,4/12/2022 3:24,1.0002,9.5823,26.17,86,77,2.13,broken clouds
696,Kloulklubed,PW,4/12/2022 3:23,7.0419,134.2556,29.28,83,54,10.44,broken clouds
697,Camacha,PT,4/12/2022 3:24,33.0833,-16.3333,14.68,77,20,6.69,few clouds
